"tx_time","from_address","to_address","amount","asset_name","method"
"1600029262","ARiavY73qfvvugPwH71yq77ydF1ekQUqrZ","AcvHmnEJuFWcMPwpQ134FR3buWAq1Xusbg","10.000000000","ont","staking"
"1600029263","AaW78kAX4PQMuxtsLHuEfG3TgsDaYeQX9Y","AcvHmnEJuFWcMPwpQ134FR3buWAq1Xusbg","10.000000000","ont","staking"
"1600029264","AHrrpe6zXduNZNvH1XkJPK9VXdC51b6oqv","AcvHmnEJuFWcMPwpQ134FR3buWAq1Xusbg","10.000000000","ont","staking"
"1600029266","AMF87NMChVqCcP47hm5vPx114Xn4dPdp5n","AcvHmnEJuFWcMPwpQ134FR3buWAq1Xusbg","10.000000000","ont","staking"
"1600029267","AKrWF1LAJD2WFWwvmUdeyxHQGXVzUJsoLC","AcvHmnEJuFWcMPwpQ134FR3buWAq1Xusbg","10.000000000","ont","staking"
"1600029268","Ad4D5Cysr6TjHQFQahtv6gNDGhqzMUkthZ","AcvHmnEJuFWcMPwpQ134FR3buWAq1Xusbg","10.000000000","ont","staking"
"1600029269","AL7m4cRh142UcjpCS2emNaA7i383VXcaZE","AcvHmnEJuFWcMPwpQ134FR3buWAq1Xusbg","10.000000000","ont","staking"
"1600029271","AUKK1fTE4kSUjzeAUpcTUorNvRfpE1eZdR","AcvHmnEJuFWcMPwpQ134FR3buWAq1Xusbg","10.000000000","ont","staking"
"1600029272","AdtRnQ5U6Kwwj3saotxyedjQxTVaMr7Rkp","AcvHmnEJuFWcMPwpQ134FR3buWAq1Xusbg","10.000000000","ont","staking"
"1600029273","ASXqtAVYtKZWq3U61e3TqS7QdvMkaMka5i","AcvHmnEJuFWcMPwpQ134FR3buWAq1Xusbg","10.000000000","ont","staking"
"1600029274","AKtdCoJnAEAPxYHdPD85kaV8Gcj7ZnmUgd","AcvHmnEJuFWcMPwpQ134FR3buWAq1Xusbg","10.000000000","ont","staking"
"1600029276","AN5sRszmjRnqMkW5zCyRUJdgQ3QUhSSDRA","AcvHmnEJuFWcMPwpQ134FR3buWAq1Xusbg","10.000000000","ont","staking"
"1600029277","ASpKJy2JdQpMGydofJjiChu6GahqXCWQ4w","AcvHmnEJuFWcMPwpQ134FR3buWAq1Xusbg","10.000000000","ont","staking"
"1600029278","AN7sJ7tahcdP1FGGbBDB3vDAqp1V1wXcSf","AcvHmnEJuFWcMPwpQ134FR3buWAq1Xusbg","10.000000000","ont","staking"
"1600029279","AZU7p1wFfEp7txGwXrRswgUzz7xxHNg8Jq","AcvHmnEJuFWcMPwpQ134FR3buWAq1Xusbg","10.000000000","ont","staking"
"1600029280","AGqSh26Xc34u3HZQjoeayTHnxUeehiFhwH","AcvHmnEJuFWcMPwpQ134FR3buWAq1Xusbg","10.000000000","ont","staking"
"1600029282","AZ464E9oFDiVBLx7439ZbXRewF6vLp6C9e","AcvHmnEJuFWcMPwpQ134FR3buWAq1Xusbg","10.000000000","ont","staking"
"1600029283","AMBZJfXQTCPLSvYH4As6qaHYtHuakwezTu","AcvHmnEJuFWcMPwpQ134FR3buWAq1Xusbg","10.000000000","ont","staking"
"1600029284","AVNbpRGPWyMrWGBAM7tdyh7VmwJfQLBpxp","AcvHmnEJuFWcMPwpQ134FR3buWAq1Xusbg","10.000000000","ont","staking"
"1600029286","AZnNNgNJKoSvxUpUx9YhMrktKvpmKqyKhk","AcvHmnEJuFWcMPwpQ134FR3buWAq1Xusbg","10.000000000","ont","staking"
"1600029287","Ad8cNKVbqUG5AuVDjJnTgasaXCQiFgbyXe","AcvHmnEJuFWcMPwpQ134FR3buWAq1Xusbg","10.000000000","ont","staking"
"1600029288","AJ8McBhz9aY6mhWRpx32w1wJV1nxxg8qkC","AcvHmnEJuFWcMPwpQ134FR3buWAq1Xusbg","10.000000000","ont","staking"
"1600029290","AYPuxSNkC3X6mmjhRZeSWMMhr3TwYLkHTP","AcvHmnEJuFWcMPwpQ134FR3buWAq1Xusbg","10.000000000","ont","staking"
"1600029291","AP2kSJ35Gr1Htq2MSMBBPt5AAqvNbHasRL","AcvHmnEJuFWcMPwpQ134FR3buWAq1Xusbg","10.000000000","ont","staking"
"1600029292","AUt1zJqG8gdbU5fURgSrX2JxpS2T4KP1Re","AcvHmnEJuFWcMPwpQ134FR3buWAq1Xusbg","10.000000000","ont","staking"
"1600029293","AYuXJnjCznZK5WUcv6F7THK47jfiqF6uqU","AcvHmnEJuFWcMPwpQ134FR3buWAq1Xusbg","10.000000000","ont","staking"
"1600029294","AbsVhc95Kynsid8SX8FCLG2YbDkDioGcum","AcvHmnEJuFWcMPwpQ134FR3buWAq1Xusbg","10.000000000","ont","staking"
"1600029296","AJwTKzKq5uFbU3kUmedcUFs5Jc32H7Bm2c","AcvHmnEJuFWcMPwpQ134FR3buWAq1Xusbg","10.000000000","ont","staking"
"1600029297","AYExb19Vn8RHXkU9FnEtYKui5mNwMemhcy","AcvHmnEJuFWcMPwpQ134FR3buWAq1Xusbg","10.000000000","ont","staking"
"1600029298","AWohhXxMz8xf3PXuqw2LCnkQexQfCBCdBz","AcvHmnEJuFWcMPwpQ134FR3buWAq1Xusbg","10.000000000","ont","staking"
"1600029298","AcvHmnEJuFWcMPwpQ134FR3buWAq1Xusbg","ARiavY73qfvvugPwH71yq77ydF1ekQUqrZ","10.000000000","ont","un-staking"
"1600029305","AcvHmnEJuFWcMPwpQ134FR3buWAq1Xusbg","AaW78kAX4PQMuxtsLHuEfG3TgsDaYeQX9Y","10.000000000","ont","un-staking"
"1600029312","AcvHmnEJuFWcMPwpQ134FR3buWAq1Xusbg","AHrrpe6zXduNZNvH1XkJPK9VXdC51b6oqv","10.000000000","ont","un-staking"
"1600029318","AcvHmnEJuFWcMPwpQ134FR3buWAq1Xusbg","AMF87NMChVqCcP47hm5vPx114Xn4dPdp5n","10.000000000","ont","un-staking"
"1600029326","AcvHmnEJuFWcMPwpQ134FR3buWAq1Xusbg","AKrWF1LAJD2WFWwvmUdeyxHQGXVzUJsoLC","10.000000000","ont","un-staking"
"1600029333","AcvHmnEJuFWcMPwpQ134FR3buWAq1Xusbg","Ad4D5Cysr6TjHQFQahtv6gNDGhqzMUkthZ","10.000000000","ont","un-staking"
"1600029340","AcvHmnEJuFWcMPwpQ134FR3buWAq1Xusbg","AL7m4cRh142UcjpCS2emNaA7i383VXcaZE","10.000000000","ont","un-staking"
"1600029346","AcvHmnEJuFWcMPwpQ134FR3buWAq1Xusbg","AUKK1fTE4kSUjzeAUpcTUorNvRfpE1eZdR","10.000000000","ont","un-staking"
"1600029353","AcvHmnEJuFWcMPwpQ134FR3buWAq1Xusbg","AdtRnQ5U6Kwwj3saotxyedjQxTVaMr7Rkp","10.000000000","ont","un-staking"
"1600029361","AcvHmnEJuFWcMPwpQ134FR3buWAq1Xusbg","ASXqtAVYtKZWq3U61e3TqS7QdvMkaMka5i","10.000000000","ont","un-staking"
"1600029367","AcvHmnEJuFWcMPwpQ134FR3buWAq1Xusbg","AKtdCoJnAEAPxYHdPD85kaV8Gcj7ZnmUgd","10.000000000","ont","un-staking"
"1600029374","AcvHmnEJuFWcMPwpQ134FR3buWAq1Xusbg","AN5sRszmjRnqMkW5zCyRUJdgQ3QUhSSDRA","10.000000000","ont","un-staking"
"1600029381","AcvHmnEJuFWcMPwpQ134FR3buWAq1Xusbg","ASpKJy2JdQpMGydofJjiChu6GahqXCWQ4w","10.000000000","ont","un-staking"
"1600029388","AcvHmnEJuFWcMPwpQ134FR3buWAq1Xusbg","AN7sJ7tahcdP1FGGbBDB3vDAqp1V1wXcSf","10.000000000","ont","un-staking"
"1600029395","AcvHmnEJuFWcMPwpQ134FR3buWAq1Xusbg","AZU7p1wFfEp7txGwXrRswgUzz7xxHNg8Jq","10.000000000","ont","un-staking"
"1600029402","AcvHmnEJuFWcMPwpQ134FR3buWAq1Xusbg","AGqSh26Xc34u3HZQjoeayTHnxUeehiFhwH","10.000000000","ont","un-staking"
"1600029408","AcvHmnEJuFWcMPwpQ134FR3buWAq1Xusbg","AZ464E9oFDiVBLx7439ZbXRewF6vLp6C9e","10.000000000","ont","un-staking"
"1600029416","AcvHmnEJuFWcMPwpQ134FR3buWAq1Xusbg","AMBZJfXQTCPLSvYH4As6qaHYtHuakwezTu","10.000000000","ont","un-staking"
"1600029422","AcvHmnEJuFWcMPwpQ134FR3buWAq1Xusbg","AVNbpRGPWyMrWGBAM7tdyh7VmwJfQLBpxp","10.000000000","ont","un-staking"
"1600029429","AcvHmnEJuFWcMPwpQ134FR3buWAq1Xusbg","AZnNNgNJKoSvxUpUx9YhMrktKvpmKqyKhk","10.000000000","ont","un-staking"
"1600029436","AcvHmnEJuFWcMPwpQ134FR3buWAq1Xusbg","Ad8cNKVbqUG5AuVDjJnTgasaXCQiFgbyXe","10.000000000","ont","un-staking"
"1600029443","AcvHmnEJuFWcMPwpQ134FR3buWAq1Xusbg","AJ8McBhz9aY6mhWRpx32w1wJV1nxxg8qkC","10.000000000","ont","un-staking"
"1600029449","AcvHmnEJuFWcMPwpQ134FR3buWAq1Xusbg","AYPuxSNkC3X6mmjhRZeSWMMhr3TwYLkHTP","10.000000000","ont","un-staking"
"1600029456","AcvHmnEJuFWcMPwpQ134FR3buWAq1Xusbg","AP2kSJ35Gr1Htq2MSMBBPt5AAqvNbHasRL","10.000000000","ont","un-staking"
"1600029463","AcvHmnEJuFWcMPwpQ134FR3buWAq1Xusbg","AUt1zJqG8gdbU5fURgSrX2JxpS2T4KP1Re","10.000000000","ont","un-staking"
"1600029468","AaW78kAX4PQMuxtsLHuEfG3TgsDaYeQX9Y","AcvHmnEJuFWcMPwpQ134FR3buWAq1Xusbg","1000.000000000","ont","staking"
"1600029471","AcvHmnEJuFWcMPwpQ134FR3buWAq1Xusbg","AYuXJnjCznZK5WUcv6F7THK47jfiqF6uqU","10.000000000","ont","un-staking"
"1600029476","AHrrpe6zXduNZNvH1XkJPK9VXdC51b6oqv","AcvHmnEJuFWcMPwpQ134FR3buWAq1Xusbg","100.000000000","ont","staking"
"1600029477","AcvHmnEJuFWcMPwpQ134FR3buWAq1Xusbg","AbsVhc95Kynsid8SX8FCLG2YbDkDioGcum","10.000000000","ont","un-staking"
"1600029483","AKrWF1LAJD2WFWwvmUdeyxHQGXVzUJsoLC","AcvHmnEJuFWcMPwpQ134FR3buWAq1Xusbg","300.000000000","ont","staking"
"1600029484","AcvHmnEJuFWcMPwpQ134FR3buWAq1Xusbg","AJwTKzKq5uFbU3kUmedcUFs5Jc32H7Bm2c","10.000000000","ont","un-staking"
"1600029491","AcvHmnEJuFWcMPwpQ134FR3buWAq1Xusbg","AYExb19Vn8RHXkU9FnEtYKui5mNwMemhcy","10.000000000","ont","un-staking"
"1600029492","AcvHmnEJuFWcMPwpQ134FR3buWAq1Xusbg","AKrWF1LAJD2WFWwvmUdeyxHQGXVzUJsoLC","300.000000000","ont","un-staking"
"1600029498","AcvHmnEJuFWcMPwpQ134FR3buWAq1Xusbg","AWohhXxMz8xf3PXuqw2LCnkQexQfCBCdBz","10.000000000","ont","un-staking"
"1600029533","AMF87NMChVqCcP47hm5vPx114Xn4dPdp5n","AcvHmnEJuFWcMPwpQ134FR3buWAq1Xusbg","500.000000000","ont","staking"
"1600029541","AcvHmnEJuFWcMPwpQ134FR3buWAq1Xusbg","AaW78kAX4PQMuxtsLHuEfG3TgsDaYeQX9Y","500.000000000","ont","un-staking"
"1600029547","AcvHmnEJuFWcMPwpQ134FR3buWAq1Xusbg","AHrrpe6zXduNZNvH1XkJPK9VXdC51b6oqv","100.000000000","ont","un-staking"
"1600029552","Ad4D5Cysr6TjHQFQahtv6gNDGhqzMUkthZ","AcvHmnEJuFWcMPwpQ134FR3buWAq1Xusbg","100.000000000","ont","staking"
